{"cameraMode":{"drawMode":0,"name":"Shaded","section":"Shading Mode"},"sceneLighting":true,"audioPlay":false,"sceneViewState":{"showFog":true,"showMaterialUpdate":false,"showSkybox":true,"showFlares":true,"showImageEffects":true,"showParticleSystems":true},"in2DMode":false,"pivot":{"x":11.649176597595215,"y":-5.110381603240967,"z":-0.1358758509159088},"rotation":{"x":0.14901265501976014,"y":0.6896462440490723,"z":-0.1482982635498047,"w":0.692968487739563},"size":21.83939552307129,"orthographic":false}