{"cameraMode":{"drawMode":0,"name":"Shaded","section":"Shading Mode"},"sceneLighting":false,"audioPlay":false,"sceneViewState":{"showFog":true,"showMaterialUpdate":false,"showSkybox":false,"showFlares":true,"showImageEffects":true,"showParticleSystems":true},"in2DMode":false,"pivot":{"x":-0.25012874603271487,"y":1.8691117763519288,"z":0.553958535194397},"rotation":{"x":0.28892582654953005,"y":-0.6881709098815918,"z":0.35200002789497378,"w":0.5648430585861206},"size":2.8578836917877199,"orthographic":false}